Ram12,Chandran,3-9-80,Male
Anna,Slyvie,1-9-92,Female
Sev,as,4-1-70,Male
MIke,uxcna,5-2-71,Male
Raite,hed,1-1-67,Male
Chirs,H,2-2-65,Male
Henry,asd,3-3-78,Male
Mod,wq,4-5-99,Female
Guna,sdgw,7-2-84,Male
Selva,a,8-8-88,Male
Vikram,te,1-3-86,Male
Sevla,kumar,3-9-87,Male
Mac,Donald,7-8-69,Male
Sharaon,Xiang,1-2-90,Female
Ram11,Chandran,3-9-80,Male
Anna,Slyvie,1-9-92,Female
Sev,as,4-1-70,Male
MIke,uxcna,5-2-71,Male
Raite,hed,1-1-67,Male
Chirs,H,2-2-65,Male
Henry,asd,3-3-78,Male
Mod,wq,4-5-99,Female
Guna,sdgw,7-2-84,Male
Selva,a,8-8-88,Male
Vikram,te,1-3-86,Male
Ram8,Chandran,3-9-80,Male
Anna,Slyvie,1-9-92,Female
Sev,as,4-1-70,Male
MIke,uxcna,5-2-71,Male
Raite,hed,1-1-67,Male
Chirs,H,2-2-65,Male
Henry,asd,3-3-78,Male
Mod,wq,4-5-99,Female
Guna,sdgw,7-2-84,Male
Selva,a,8-8-88,Male
Vikram,te,1-3-86,Male
Sevla,kumar,3-9-87,Male
Mac,Donald,7-8-69,Male
Sharaon,Xiang,1-2-90,Female
Ram1,Chandran,3-9-80,Male
Anna1,Slyvie,1-9-92,Female
Sev1,as,4-1-70,Male
MIkew,uxcna,5-2-71,Male
Raitehj,hed,1-1-67,Male
Chirs,H,2-2-65,Male
Henry1,asd,3-3-78,Male
Mod,wq,4-5-99,Female
Guna,sdgw,7-2-84,Male
Selva5,a,8-8-88,Male
Vikram,te,1-3-86,Male
Ram2,Chandran,3-9-80,Male
Anna,Slyvie,1-9-92,Female
Sev,as,4-1-70,Male
MIke,uxcna,5-2-71,Male
Raite,hed,1-1-67,Male
Chirs,H,2-2-65,Male
Henry,asd,3-3-78,Male
Mod,wq,4-5-99,Female
Guna,sdgw,7-2-84,Male
Selva,a,8-8-88,Male
Vikram,te,1-3-86,Male
Sevla,kumar,3-9-87,Male
Mac,Donald,7-8-69,Male
Sharaon,Xiang,1-2-90,Female
Ram5,Chandran,3-9-80,Male
Anna,Slyvie,1-9-92,Female
Sev,as,4-1-70,Male
MIke,uxcna,5-2-71,Male
Raite,hed,1-1-67,Male
Chirs,H,2-2-65,Male
Henry,asd,3-3-78,Male
Mod,wq,4-5-99,Female
Guna,sdgw,7-2-84,Male
Selva,a,8-8-88,Male
Vikram,te,1-3-86,Male
Ram4,Chandran,3-9-80,Male
Anna,Slyvie,1-9-92,Female
Sev,as,4-1-70,Male
MIke,uxcna,5-2-71,Male
Ram,Chandran,3-9-80,Male
Anna,Slyvie,1-9-92,Female
Sev,as,4-1-70,Male
MIke,uxcna,5-2-71,Male
Raite,hed,1-1-67,Male
Chirs,H,2-2-65,Male
Henry,asd,3-3-78,Male
Mod,wq,4-5-99,Female
Guna,sdgw,7-2-84,Male
Selva,a,8-8-88,Male
Vikram,te,1-3-86,Male
Sevla,kumar,3-9-87,Male
Mac,Donald,7-8-69,Male
Sharaon,Xiang,1-2-90,Female
Ram6,Chandran,3-9-80,Male
Anna,Slyvie,1-9-92,Female
Sev,as,4-1-70,Male
MIke,uxcna,5-2-71,Male
Raite,hed,1-1-67,Male
Chirs,H,2-2-65,Male
Henry,asd,3-3-78,Male
Mod,wq,4-5-99,Female
Guna,sdgw,7-2-84,Male
Selva,a,8-8-88,Male
Vikram,te,1-3-86,Male
Ram7,Chandran,3-9-80,Male
Anna,Slyvie,1-9-92,Female
Sev,as,4-1-70,Male
MIke,uxcna,5-2-71,Male
Raite,hed,1-1-67,Male
,,,
,,,
,,,
,,,
,,,
,,,
,,,
,,,
,,,
,,,
,,,
,,,
,,,
,,,
,,,
,,,
,,,
,,,
,,,
,,,
,,,
,,,
,,,
,,,
,,,
,,,
,,,
,,,
,,,
,,,
,,,
,,,
,,,
,,,
,,,
,,,
,,,
,,,
,,,
,,,
,,,
,,,
,,,
,,,
,,,
,,,
,,,
,,,
,,,
,,,
,,,
,,,
,,,
,,,
,,,
,,,
,,,
,,,
,,,
,,,
,,,
,,,
,,,
,,,
,,,
,,,
,,,
,,,
,,,
,,,
,,,
,,,
,,,
,,,
,,,
,,,
,,,
,,,
,,,
,,,
,,,
,,,
,,,
,,,
,,,
,,,
,,,
,,,
,,,
,,,